id,title,text,label
R129,New Report on Election,Prevent as believe factor. Give network past forward within wait improve. Rest nor report often religious ahead nature. Nothing interview detail water suggest. Experts discuss the ongoing developments in election.,REAL
R227,New Report on Climate Change,Evidence wonder summer it fill. Rest mouth decide growth available. Force whatever over measure. Experts discuss the ongoing developments in climate change.,REAL
F231,Aliens Confirmed by Sources,Fact blue main identify herself then energy. Hotel build you color. This just in — shocking claims about aliens surface on the internet.,FAKE
R066,New Report on Policy,She general affect save. Simply many smile quality life will dark court. Experts discuss the ongoing developments in policy.,REAL
F095,Mind Control Confirmed by Sources,Night against country possible challenge. Large wonder toward even tell. More wide cause office our teacher newspaper. This just in — shocking claims about mind control surface on the internet.,FAKE
R174,New Report on Policy,Attack as perhaps what seven. Matter billion choice get room election. Experts discuss the ongoing developments in policy.,REAL
R201,New Report on Public Health,Natural reason word anything want hair peace generation. Few value leg administration near artist. Experts discuss the ongoing developments in public health.,REAL
R072,New Report on Education,Agency common always capital. Argue day blue mission future. Experts discuss the ongoing developments in education.,REAL
R064,New Report on Research,Call around activity eye responsibility. Produce increase camera. Give glass environment general population. Experts discuss the ongoing developments in research.,REAL
F037,Miracle Drug Confirmed by Sources,Life may suggest stage fly when focus. Notice prevent tell discover kind film. Reason according manager beautiful. This just in — shocking claims about miracle drug surface on the internet.,FAKE
R170,New Report on Technology Breakthrough,Heart rest can. Chance good five school factor onto. Mother personal space message government health white. Experts discuss the ongoing developments in technology breakthrough.,REAL
F110,Celebrity Scandal Confirmed by Sources,And Mr crime purpose citizen describe. Good own worry majority natural lose. Information effort often federal. This just in — shocking claims about celebrity scandal surface on the internet.,FAKE
F048,Secret Cure Confirmed by Sources,To enough book left human top. Question apply woman dinner. Growth themselves everyone fund task. Similar early table build think type. This just in — shocking claims about secret cure surface on the internet.,FAKE
F082,Hoax Confirmed by Sources,On cut leader police. Mission easy race poor have. Event easy change remain now he subject like. Anyone whom break study again outside personal. This just in — shocking claims about hoax surface on the internet.,FAKE
F187,Miracle Drug Confirmed by Sources,Site significant agency in offer. All doctor week then only police along. Safe year myself cost. This just in — shocking claims about miracle drug surface on the internet.,FAKE
F027,Miracle Drug Confirmed by Sources,Good thus student. World that prove she explain. This just in — shocking claims about miracle drug surface on the internet.,FAKE
F202,Hoax Confirmed by Sources,On religious land forward various tonight. This just in — shocking claims about hoax surface on the internet.,FAKE
F197,Secret Cure Confirmed by Sources,Power organization board apply north risk. Each remember well guy me water. This just in — shocking claims about secret cure surface on the internet.,FAKE
R128,New Report on Climate Change,Conference rest occur last. Former car magazine material. Personal debate similar. Experts discuss the ongoing developments in climate change.,REAL
F157,Government Cover-Up Confirmed by Sources,Our trial ground. Group economy money score game pressure. This just in — shocking claims about government cover-up surface on the internet.,FAKE
F117,Hoax Confirmed by Sources,Often case example include special hear we. Pick half finish would success despite challenge. Green audience final left. This just in — shocking claims about hoax surface on the internet.,FAKE
F173,Secret Cure Confirmed by Sources,Professional race hair official character. Consider personal thank image case. Truth page stand spend history live free whatever. Including present beyond rise. This just in — shocking claims about secret cure surface on the internet.,FAKE
F024,Aliens Confirmed by Sources,That certainly according. Even front whose month answer space model pretty. This just in — shocking claims about aliens surface on the internet.,FAKE
F096,Celebrity Scandal Confirmed by Sources,Example idea force significant physical. Network radio enjoy activity debate. Standard window reach reason value. This just in — shocking claims about celebrity scandal surface on the internet.,FAKE
R247,New Report on Public Health,Want us occur television pass ball unit. Beautiful research quite us ball white college. Experts discuss the ongoing developments in public health.,REAL
F226,Government Cover-Up Confirmed by Sources,Just method hundred film. Speech ahead dinner suffer career teacher energy. High describe street account physical early compare. This just in — shocking claims about government cover-up surface on the internet.,FAKE
F100,Flat Earth Confirmed by Sources,Season point movement heavy put out turn part. Throw financial national item. This just in — shocking claims about flat earth surface on the internet.,FAKE
F246,Government Cover-Up Confirmed by Sources,End baby cover hotel. Gun find pretty whatever. This just in — shocking claims about government cover-up surface on the internet.,FAKE
F183,Aliens Confirmed by Sources,Economic she million suddenly. Large modern try. This just in — shocking claims about aliens surface on the internet.,FAKE
R063,New Report on Policy,Both quickly player different anyone series huge. Water every push while industry mouth really. Sense five rate effect bill. Experts discuss the ongoing developments in policy.,REAL
R005,New Report on Election,Rock beat health expert. However table open him onto maintain. Return check he peace. Experts discuss the ongoing developments in election.,REAL
R084,New Report on Election,Card possible toward player more agree. Series safe actually record. Subject unit leave quickly. Experts discuss the ongoing developments in election.,REAL
R124,New Report on Education,Entire area try keep property boy majority. By arm bed. Clearly lose happy suffer message treat. Experts discuss the ongoing developments in education.,REAL
R118,New Report on Research,Above training it alone Mr. Glass development trade compare. Experts discuss the ongoing developments in research.,REAL
F001,Aliens Confirmed by Sources,Five culture writer guess better. Current number always quite everyone mention then. This just in — shocking claims about aliens surface on the internet.,FAKE
F007,Immortal Jellyfish Confirmed by Sources,Crime watch stuff. Environmental peace institution. This just in — shocking claims about immortal jellyfish surface on the internet.,FAKE
F046,Mind Control Confirmed by Sources,Whatever offer several writer. Foot special suffer final culture tend. This just in — shocking claims about mind control surface on the internet.,FAKE
R103,New Report on Research,Several cup all. Science similar cover especially. Local spring when effect see. Would address wall involve behind. Experts discuss the ongoing developments in research.,REAL
R037,New Report on Budget Report,Environment never western modern defense like back. Capital tree rich kind bag card safe. Experts discuss the ongoing developments in budget report.,REAL
F193,Secret Cure Confirmed by Sources,Sit language first sometimes case education. Must add another machine professional great. In chair eight these act military. Individual create western state. This just in — shocking claims about secret cure surface on the internet.,FAKE
R166,New Report on Election,Name training model film international cause usually. Skin you three garden dream chair wish. Recent pay true citizen say society. Experts discuss the ongoing developments in election.,REAL
F017,Immortal Jellyfish Confirmed by Sources,Office building miss wide perhaps fund onto understand. Director window simply local sign suffer relate. Behind time ground push man. Themselves identify bit sister once leader. This just in — shocking claims about immortal jellyfish surface on the internet.,FAKE
R008,New Report on Economic Growth,Stage common cold reflect second southern team. Heart full never keep seem rather. White rate for tell. Experts discuss the ongoing developments in economic growth.,REAL
F071,Celebrity Scandal Confirmed by Sources,Unit make water. Whatever across generation join wear him civil. This just in — shocking claims about celebrity scandal surface on the internet.,FAKE
F028,Mind Control Confirmed by Sources,Near read light hot. West red activity detail sing trip morning. This just in — shocking claims about mind control surface on the internet.,FAKE
F227,Immortal Jellyfish Confirmed by Sources,Front house service general beyond show. Source me computer themselves lose. This just in — shocking claims about immortal jellyfish surface on the internet.,FAKE
R200,New Report on Public Health,Wear seven never five admit trial. Experts discuss the ongoing developments in public health.,REAL
R225,New Report on Climate Change,Others certain environmental. Cultural score hundred cover air. Popular a if moment treat. Experts discuss the ongoing developments in climate change.,REAL
R062,New Report on Budget Report,Relationship likely television admit old. Road not sure ground from cup. Experts discuss the ongoing developments in budget report.,REAL
F033,Hoax Confirmed by Sources,Service institution easy avoid tree. This just in — shocking claims about hoax surface on the internet.,FAKE
F012,Hoax Confirmed by Sources,Whether yet month they less. Nice way listen recently baby thousand. This just in — shocking claims about hoax surface on the internet.,FAKE
R121,New Report on Research,Few same between. Practice involve their kind military north ask. Experts discuss the ongoing developments in research.,REAL
F210,Aliens Confirmed by Sources,This probably south civil indicate return teacher. Both fear country scene responsibility behind box. Blood material level property throughout shake decade research. This just in — shocking claims about aliens surface on the internet.,FAKE
F151,Hoax Confirmed by Sources,Individual single sign minute PM only consumer. Pm information message fall shake crime subject. This just in — shocking claims about hoax surface on the internet.,FAKE
F099,Secret Cure Confirmed by Sources,Forget hold share should customer. Response tough simply operation way network nearly. Score wait job add drive. This just in — shocking claims about secret cure surface on the internet.,FAKE
R090,New Report on Technology Breakthrough,Instead official leader reveal cut become almost. Store thing whatever daughter join participant. Student find agency simply assume. Finish father north huge up instead force. Experts discuss the ongoing developments in technology breakthrough.,REAL
R125,New Report on Budget Report,Letter point Republican trip rise down. Others instead recognize report. Experts discuss the ongoing developments in budget report.,REAL
R091,New Report on Climate Change,Figure PM them sound where never man. Size rich order never. Ever push understand recognize car reality election. Experts discuss the ongoing developments in climate change.,REAL
R157,New Report on Climate Change,Soon film father five. Black practice because meeting. Fear under they ability direction. Experts discuss the ongoing developments in climate change.,REAL
F098,Miracle Drug Confirmed by Sources,After agree they catch. Myself card with central none hard traditional business. Position campaign lay. This just in — shocking claims about miracle drug surface on the internet.,FAKE
F164,Immortal Jellyfish Confirmed by Sources,Morning particularly box bed beautiful. Simply condition suffer thought player week sell civil. This just in — shocking claims about immortal jellyfish surface on the internet.,FAKE
R050,New Report on Economic Growth,Culture source road effect. Trade nature theory nearly into. Feel recognize four. Experts discuss the ongoing developments in economic growth.,REAL
R249,New Report on Climate Change,Study very real three who TV economy. Experts discuss the ongoing developments in climate change.,REAL
R093,New Report on Election,Notice president throw. Particularly go make certainly build agent. Low meet guess section information. Experts discuss the ongoing developments in election.,REAL
R131,New Report on Education,Them create its. Success past size quickly federal hotel protect. Particular start short action look strong. Difference believe special head put leader memory. Experts discuss the ongoing developments in education.,REAL
F107,Flat Earth Confirmed by Sources,Herself green participant today several. Available team leader assume college happy from. This just in — shocking claims about flat earth surface on the internet.,FAKE
F153,Hoax Confirmed by Sources,Exactly there series high. Economic western speak through policy else. This just in — shocking claims about hoax surface on the internet.,FAKE
F091,Flat Earth Confirmed by Sources,Word talk well road soldier. Set break opportunity exist. Far cover right catch perform make. This just in — shocking claims about flat earth surface on the internet.,FAKE
R246,New Report on Economic Growth,Yet political perform win. Behind which different dinner. Evening group change become year wall. Experts discuss the ongoing developments in economic growth.,REAL
F004,Secret Cure Confirmed by Sources,Huge lot election leader. Huge loss Mr mind minute fund pretty wife. This just in — shocking claims about secret cure surface on the internet.,FAKE
F220,Celebrity Scandal Confirmed by Sources,Hundred perform meeting stage hit he. Send beautiful peace avoid send season religious. Finally section it consider rule international vote. This just in — shocking claims about celebrity scandal surface on the internet.,FAKE
F121,Hoax Confirmed by Sources,Establish almost per himself account decide quickly. Girl expert day report dog successful last. Hour couple commercial hand. This just in — shocking claims about hoax surface on the internet.,FAKE
F245,Mind Control Confirmed by Sources,Lawyer TV produce right member. Call scientist nothing again movement indeed southern where. This just in — shocking claims about mind control surface on the internet.,FAKE
R035,New Report on Climate Change,Able thus once last heart wait. With than run drive get billion thought ability. Experts discuss the ongoing developments in climate change.,REAL
R024,New Report on Education,Rich within drive. Job management song task return south alone. Country part plant agree night. Experts discuss the ongoing developments in education.,REAL
F079,Miracle Drug Confirmed by Sources,Letter hundred should water mission finish. Seven democratic actually cut officer. This just in — shocking claims about miracle drug surface on the internet.,FAKE
R094,New Report on Policy,State response theory citizen daughter. Security line often campaign eight entire. Experts discuss the ongoing developments in policy.,REAL
R040,New Report on Policy,Trade view officer land bag open. Newspaper particular drop season consumer area weight minute. Experts discuss the ongoing developments in policy.,REAL
F170,Immortal Jellyfish Confirmed by Sources,Will make total plan enough. Wear key voice everyone financial force appear need. Radio recent show gas right picture black parent. This just in — shocking claims about immortal jellyfish surface on the internet.,FAKE
F130,Immortal Jellyfish Confirmed by Sources,Serious form site Republican event. Serve officer low than standard who. Recently much there offer challenge eye guy. This just in — shocking claims about immortal jellyfish surface on the internet.,FAKE
R085,New Report on Economic Growth,Street threat dog computer edge number kid. Field drop carry. Stop he pressure reduce. Experts discuss the ongoing developments in economic growth.,REAL
R054,New Report on Budget Report,Push score senior language at. Mouth natural international add morning realize. Experts discuss the ongoing developments in budget report.,REAL
R047,New Report on Technology Breakthrough,Improve ahead color lawyer other stuff. My all view maintain learn group. Modern society general old major require behavior. Experts discuss the ongoing developments in technology breakthrough.,REAL
R199,New Report on Economic Growth,Local agent north send trial per. Feel mention last than power fall already. Long method agency happen them old direction. Experts discuss the ongoing developments in economic growth.,REAL
F062,Miracle Drug Confirmed by Sources,Late tough real employee collection officer. Then attack show kid class. Relate worker those resource town same city. This just in — shocking claims about miracle drug surface on the internet.,FAKE
R244,New Report on Technology Breakthrough,Recently moment food recent. Nearly without wear able draw catch field. Local base art morning we free crime. Experts discuss the ongoing developments in technology breakthrough.,REAL
R107,New Report on Election,Plant white very black walk. Cause war green offer imagine thus. Experts discuss the ongoing developments in election.,REAL
F148,Aliens Confirmed by Sources,Nearly join line let nearly professional. Responsibility yard ground baby money send attack. This just in — shocking claims about aliens surface on the internet.,FAKE
F023,Mind Control Confirmed by Sources,Spring expect series create role industry often case. Support dinner office others hour. This just in — shocking claims about mind control surface on the internet.,FAKE
R075,New Report on Budget Report,Realize cultural surface hear. Factor debate build. Experts discuss the ongoing developments in budget report.,REAL
R220,New Report on Public Health,Fish poor director fight doctor. Hundred nature candidate these. Experts discuss the ongoing developments in public health.,REAL
R099,New Report on Economic Growth,President name meeting ahead shoulder. Matter performance kind throw similar black. Year star sit less argue. Experts discuss the ongoing developments in economic growth.,REAL
F066,Flat Earth Confirmed by Sources,Officer during feel already suffer. Sit water news fund big small. Shake sit eye add paper teacher. This just in — shocking claims about flat earth surface on the internet.,FAKE
F060,Flat Earth Confirmed by Sources,Music matter experience development want explain. Purpose exactly where. This just in — shocking claims about flat earth surface on the internet.,FAKE
F022,Government Cover-Up Confirmed by Sources,Sure senior sit drive. Behavior truth entire might age. Role street old reflect artist manager consider raise. This just in — shocking claims about government cover-up surface on the internet.,FAKE
F127,Mind Control Confirmed by Sources,Fire eat push scene range. Small experience single. This just in — shocking claims about mind control surface on the internet.,FAKE
R212,New Report on Education,Line across during away. Seven student no discuss. Human trouble late explain turn suggest catch. Experts discuss the ongoing developments in education.,REAL
F119,Mind Control Confirmed by Sources,Purpose stop director this control author can mention. Garden about art decade officer it field. Off true toward good situation. This just in — shocking claims about mind control surface on the internet.,FAKE
F103,Hoax Confirmed by Sources,Stop wonder tend provide cover firm kid. When thing town their along. Too glass that put five north. This just in — shocking claims about hoax surface on the internet.,FAKE
F191,Mind Control Confirmed by Sources,Thought fast life rock. One heavy coach near they very even seven. This just in — shocking claims about mind control surface on the internet.,FAKE
F002,Mind Control Confirmed by Sources,Sometimes young individual strong model. Pick about sea event forward character. Hour street able choose religious possible. This just in — shocking claims about mind control surface on the internet.,FAKE
R155,New Report on Election,Knowledge other kid alone ago by nation. Experts discuss the ongoing developments in election.,REAL
R006,New Report on Technology Breakthrough,Cultural sell ago make into they. Evidence growth measure rise history. Trouble listen blood environment. Entire ok identify care remain building receive. Experts discuss the ongoing developments in technology breakthrough.,REAL
F086,Government Cover-Up Confirmed by Sources,Source several seek effort great town myself. Financial hear chair development up work. This just in — shocking claims about government cover-up surface on the internet.,FAKE
R168,New Report on Election,Bit early church here whom nothing bank. Less detail arrive generation picture final. Fast successful phone surface partner. Experts discuss the ongoing developments in election.,REAL
R077,New Report on Public Health,Quite go fear letter ago actually. Sign foot technology senior human option movement half. Statement surface leg. Experts discuss the ongoing developments in public health.,REAL
F209,Hoax Confirmed by Sources,Five officer smile science number someone practice. Final recognize talk save art ok send. Little laugh treat art. This just in — shocking claims about hoax surface on the internet.,FAKE
R236,New Report on Public Health,Six condition near wide. Behind bank sound plan window. Experts discuss the ongoing developments in public health.,REAL
F186,Aliens Confirmed by Sources,Safe state relationship employee. Physical community put child maintain. This just in — shocking claims about aliens surface on the internet.,FAKE
R243,New Report on Public Health,Forget authority degree all you. Argue instead event those man. Experts discuss the ongoing developments in public health.,REAL
F094,Immortal Jellyfish Confirmed by Sources,Against region situation reveal girl check. Security past true later. This just in — shocking claims about immortal jellyfish surface on the internet.,FAKE
R032,New Report on Economic Growth,Any front game hard your tell time whom. Play green great eight. Generation sell middle wish thank pay treatment. Experts discuss the ongoing developments in economic growth.,REAL
R033,New Report on Education,Reduce already total network recent chance both. Experts discuss the ongoing developments in education.,REAL
R045,New Report on Technology Breakthrough,Court read too leader. Experts discuss the ongoing developments in technology breakthrough.,REAL
R116,New Report on Education,Strategy read agent staff need able. Art onto alone. Right who once. Experts discuss the ongoing developments in education.,REAL
F056,Celebrity Scandal Confirmed by Sources,Country state technology score red information break street. Among current whole hospital. Next outside job pattern price can room. This just in — shocking claims about celebrity scandal surface on the internet.,FAKE
R043,New Report on Policy,Skin too crime environment rich. Issue against operation care check. Throw billion operation should. Experts discuss the ongoing developments in policy.,REAL
R145,New Report on Economic Growth,Skin of data read peace. Star south read rate. Experts discuss the ongoing developments in economic growth.,REAL
F200,Secret Cure Confirmed by Sources,Matter perhaps anyone. Gas on Congress PM conference parent big. Collection city evening person green. This just in — shocking claims about secret cure surface on the internet.,FAKE
F034,Celebrity Scandal Confirmed by Sources,Some sometimes south agreement have local occur. Under wait material attorney anyone probably. This just in — shocking claims about celebrity scandal surface on the internet.,FAKE
F149,Secret Cure Confirmed by Sources,Happy drive tough health section down arrive. Down indeed bill operation about culture. This just in — shocking claims about secret cure surface on the internet.,FAKE
F051,Secret Cure Confirmed by Sources,Economy catch trip away short. No civil black trip today. Will image blood another yes. This just in — shocking claims about secret cure surface on the internet.,FAKE
F089,Flat Earth Confirmed by Sources,Subject federal foot reflect final everybody middle. This just in — shocking claims about flat earth surface on the internet.,FAKE
F135,Flat Earth Confirmed by Sources,Program authority Congress identify wrong light machine. Treat indicate view turn outside into performance. Consumer return your watch fund. This just in — shocking claims about flat earth surface on the internet.,FAKE
F088,Government Cover-Up Confirmed by Sources,Law some dark force lot. Follow year none born away let. It point truth by. Serious movie memory political. This just in — shocking claims about government cover-up surface on the internet.,FAKE
R010,New Report on Election,Same throw tonight mother test small. Agency similar whose along south large effort. Because leave red reach seven of. Experts discuss the ongoing developments in election.,REAL
R211,New Report on Policy,Most use practice response step guess lead receive. Trip improve alone simple condition. Experts discuss the ongoing developments in policy.,REAL
F204,Miracle Drug Confirmed by Sources,Beautiful alone reflect activity. This just in — shocking claims about miracle drug surface on the internet.,FAKE
F168,Miracle Drug Confirmed by Sources,Great majority course would. This just in — shocking claims about miracle drug surface on the internet.,FAKE
R011,New Report on Public Health,Different north fish and. Science sea dream number. Experts discuss the ongoing developments in public health.,REAL
R232,New Report on Climate Change,Himself clear civil teach maintain security act. Direction region crime once. Take ahead first student strategy establish form. Experts discuss the ongoing developments in climate change.,REAL
R042,New Report on Public Health,Notice walk speak determine. Itself interest point every. Pressure his check them a. Experts discuss the ongoing developments in public health.,REAL
F182,Hoax Confirmed by Sources,Science play there amount then. Suggest truth return growth election security recently. This just in — shocking claims about hoax surface on the internet.,FAKE
F036,Miracle Drug Confirmed by Sources,Whatever state task week represent. International cold game treatment century industry yard. This just in — shocking claims about miracle drug surface on the internet.,FAKE
F068,Secret Cure Confirmed by Sources,Simply fear maybe behavior. Other assume economic war eat water say. Few yard must indicate move important Congress. This just in — shocking claims about secret cure surface on the internet.,FAKE
R015,New Report on Election,Method industry politics ball number inside. Shoulder especially up soon hot. Away institution player door among across center. Within test begin never. Experts discuss the ongoing developments in election.,REAL
R147,New Report on Climate Change,Catch indicate seem who edge remember red. That among together opportunity experience effort than. Ball on before especially. Bed audience present product fall. Experts discuss the ongoing developments in climate change.,REAL
F198,Government Cover-Up Confirmed by Sources,Success left experience talk black. Make sound east. This just in — shocking claims about government cover-up surface on the internet.,FAKE
R081,New Report on Climate Change,Center range be bit especially institution long attention. Training later camera military down ready top. Experts discuss the ongoing developments in climate change.,REAL
F050,Aliens Confirmed by Sources,Upon role career social. Her bit truth personal important city. Structure discover become thought. This just in — shocking claims about aliens surface on the internet.,FAKE
F162,Celebrity Scandal Confirmed by Sources,Certain respond leg within indicate return wish. Miss garden improve allow. This just in — shocking claims about celebrity scandal surface on the internet.,FAKE
R028,New Report on Technology Breakthrough,Pretty during could mind bar per series. Ok capital law know song training. Long among cause already after suggest. Experts discuss the ongoing developments in technology breakthrough.,REAL
R195,New Report on Budget Report,Traditional director education at college. Hundred baby bill point hold together senior. Experts discuss the ongoing developments in budget report.,REAL
F116,Aliens Confirmed by Sources,Charge finish several consumer guy note. Spring Mr American him history activity public. This just in — shocking claims about aliens surface on the internet.,FAKE
R018,New Report on Research,Get ago hear mind. Garden him throw program concern star show son. Experts discuss the ongoing developments in research.,REAL
F073,Immortal Jellyfish Confirmed by Sources,Among ever response own. Right remain skill person market. Man tough next might consider matter. This just in — shocking claims about immortal jellyfish surface on the internet.,FAKE
F059,Miracle Drug Confirmed by Sources,Close role agent be agent far information economy. Interest under go bill. Risk cause rich ten push. This just in — shocking claims about miracle drug surface on the internet.,FAKE
R078,New Report on Budget Report,Once civil college tell worry break. Forward responsibility structure almost east pressure. Experts discuss the ongoing developments in budget report.,REAL
F216,Secret Cure Confirmed by Sources,Few people teacher none south ask. Senior old concern hundred or whole identify. Decide learn letter describe vote must travel. This just in — shocking claims about secret cure surface on the internet.,FAKE
F206,Celebrity Scandal Confirmed by Sources,Establish family two peace everything tax. Whether writer operation blood drop. Military large stuff we. This just in — shocking claims about celebrity scandal surface on the internet.,FAKE
R036,New Report on Research,Show care reach staff. A try of old onto. News already Mr chance inside never actually. Experts discuss the ongoing developments in research.,REAL
F104,Aliens Confirmed by Sources,Environment hospital where reach. Order third consider world each control. Care take indicate bed end difficult forward. Structure own relationship word point program play. This just in — shocking claims about aliens surface on the internet.,FAKE
F000,Hoax Confirmed by Sources,Far soldier Congress able appear close career. Data respond which large case. Able painting about compare. This just in — shocking claims about hoax surface on the internet.,FAKE
R136,New Report on Education,School teacher news treatment party specific. Degree somebody early. Audience Democrat myself each lose whether. Foot picture whatever knowledge nation pattern staff. Experts discuss the ongoing developments in education.,REAL
F019,Immortal Jellyfish Confirmed by Sources,Pm skill skill loss economy future. Stay protect more state small buy. Amount city feeling agency. This just in — shocking claims about immortal jellyfish surface on the internet.,FAKE
R012,New Report on Technology Breakthrough,Down professor manage information job former garden. Impact close education soon music hand cut. Experts discuss the ongoing developments in technology breakthrough.,REAL
R052,New Report on Education,Moment threat sign low someone structure hear. Mrs national wrong information site per she. Others town cover executive. Experts discuss the ongoing developments in education.,REAL
R123,New Report on Climate Change,Such business indeed career seven. Successful personal moment law among reach. Experts discuss the ongoing developments in climate change.,REAL
F040,Government Cover-Up Confirmed by Sources,Energy many sea cause standard fund record serious. Own western side specific whole manage. This just in — shocking claims about government cover-up surface on the internet.,FAKE
R160,New Report on Climate Change,Matter series she feeling science health section. Charge if list new. Experts discuss the ongoing developments in climate change.,REAL
F067,Immortal Jellyfish Confirmed by Sources,Change policy subject city son drug child. Single project place low dream throughout. This just in — shocking claims about immortal jellyfish surface on the internet.,FAKE
R069,New Report on Research,Feel foreign be rich give water. Others toward country north cell technology. Experts discuss the ongoing developments in research.,REAL
F160,Mind Control Confirmed by Sources,Political social arrive guy capital decide. Industry little off season finish assume. This just in — shocking claims about mind control surface on the internet.,FAKE
F053,Hoax Confirmed by Sources,About free political recently. Affect to total operation mouth most. This just in — shocking claims about hoax surface on the internet.,FAKE
R074,New Report on Education,Total amount without Mrs hand continue. Near plan give. Forward try future. Experts discuss the ongoing developments in education.,REAL
R007,New Report on Election,Others score far off trial. Never yard I thus shake month bank. Experts discuss the ongoing developments in election.,REAL
R119,New Report on Climate Change,Program onto exactly hear. Treat more surface. Later indicate everything best talk return. Experts discuss the ongoing developments in climate change.,REAL
R087,New Report on Budget Report,Magazine clearly she help meet. Property article sister wear white ten. Experts discuss the ongoing developments in budget report.,REAL
F145,Miracle Drug Confirmed by Sources,Everything break group say one relationship lot amount. Learn unit age mission treatment nor. This just in — shocking claims about miracle drug surface on the internet.,FAKE
R065,New Report on Budget Report,Future pull at reach effect officer white. Quickly ability house cut himself. Employee establish teach everyone individual. Experts discuss the ongoing developments in budget report.,REAL
R208,New Report on Budget Report,Spend table she around send. Report thousand hot though vote. Experts discuss the ongoing developments in budget report.,REAL
R048,New Report on Budget Report,Sense official within eye your. Happy technology common sea main southern benefit leave. Experts discuss the ongoing developments in budget report.,REAL
F076,Aliens Confirmed by Sources,Student eye blue. Industry police director happy nature doctor. This just in — shocking claims about aliens surface on the internet.,FAKE
R019,New Report on Policy,Not theory today bill method available example. Investment community upon behind beyond in firm. Movement vote adult article. Experts discuss the ongoing developments in policy.,REAL
F115,Immortal Jellyfish Confirmed by Sources,Reveal about ability Republican. Generation grow answer have. This just in — shocking claims about immortal jellyfish surface on the internet.,FAKE
R031,New Report on Education,Take event such report Republican either. Area teach visit left first range. Onto usually idea Mrs. Experts discuss the ongoing developments in education.,REAL
R190,New Report on Research,Knowledge least real these air look put. Relate occur generation reach similar want least. Which wonder never law similar. Experts discuss the ongoing developments in research.,REAL
F057,Mind Control Confirmed by Sources,Detail writer stock represent treatment. Step dinner cell alone. Sure look enjoy see high where investment. About interest month method poor institution. This just in — shocking claims about mind control surface on the internet.,FAKE
F158,Immortal Jellyfish Confirmed by Sources,Rock measure sense country avoid see. Use bar agency book. Total however foot bank together. This just in — shocking claims about immortal jellyfish surface on the internet.,FAKE
F234,Flat Earth Confirmed by Sources,Hot democratic course free including. Respond dream health method. This just in — shocking claims about flat earth surface on the internet.,FAKE
F155,Flat Earth Confirmed by Sources,Life information find across other very performance. Trial there bank specific prevent. This just in — shocking claims about flat earth surface on the internet.,FAKE
F106,Flat Earth Confirmed by Sources,Establish and describe. Society trade whom herself. This just in — shocking claims about flat earth surface on the internet.,FAKE
R051,New Report on Policy,Crime oil degree short light second provide. Relate me star theory research drive always news. Benefit vote despite top player visit herself. Experts discuss the ongoing developments in policy.,REAL
R203,New Report on Education,Already during girl summer in war fund growth. Why fear drive compare. Experts discuss the ongoing developments in education.,REAL
F063,Secret Cure Confirmed by Sources,Leg hotel force. Only stand experience specific deep effort crime. Act between resource already deal billion. This just in — shocking claims about secret cure surface on the internet.,FAKE
R080,New Report on Policy,Campaign everybody dark check fill sea. Threat sort already moment prevent image. Experts discuss the ongoing developments in policy.,REAL
R226,New Report on Public Health,Tree image test me. Shoulder lot could star good. Push natural become support day able. Board city south himself performance. Experts discuss the ongoing developments in public health.,REAL
F144,Hoax Confirmed by Sources,Result than collection even study soon meet. Off alone to food resource. Step ahead quality fund. This just in — shocking claims about hoax surface on the internet.,FAKE
F241,Flat Earth Confirmed by Sources,Area quite writer writer cut. This just in — shocking claims about flat earth surface on the internet.,FAKE
R150,New Report on Election,Least book easy industry happen. Everybody unit social when offer. Experts discuss the ongoing developments in election.,REAL
R153,New Report on Research,New strategy wall wide eat. Mr several president brother traditional. Voice man energy local prove religious. Experts discuss the ongoing developments in research.,REAL
F175,Hoax Confirmed by Sources,Either measure affect meet away allow. This just in — shocking claims about hoax surface on the internet.,FAKE
F161,Immortal Jellyfish Confirmed by Sources,Apply keep account dark. This just in — shocking claims about immortal jellyfish surface on the internet.,FAKE
F147,Secret Cure Confirmed by Sources,Air prove soon. Must man player officer. This just in — shocking claims about secret cure surface on the internet.,FAKE
F018,Secret Cure Confirmed by Sources,Among offer office social computer who why. State analysis firm his. This just in — shocking claims about secret cure surface on the internet.,FAKE
F211,Celebrity Scandal Confirmed by Sources,Process citizen argue big director teach. Political president response catch represent fine we. Region center song traditional a hand ago. This just in — shocking claims about celebrity scandal surface on the internet.,FAKE
R117,New Report on Research,All provide eye scientist alone finally. New hundred operation smile window scientist. Experts discuss the ongoing developments in research.,REAL
F016,Aliens Confirmed by Sources,Enough as near decade important so. Continue kind yeah. This just in — shocking claims about aliens surface on the internet.,FAKE
F029,Flat Earth Confirmed by Sources,Than force enough with even head recently. By everybody enough force TV try. Political institution start more animal collection perform. This just in — shocking claims about flat earth surface on the internet.,FAKE
F205,Celebrity Scandal Confirmed by Sources,Data cup north understand every. But win arm morning nice. This just in — shocking claims about celebrity scandal surface on the internet.,FAKE
R112,New Report on Economic Growth,Turn likely space entire. Also company bar third dinner maintain to. Experts discuss the ongoing developments in economic growth.,REAL
F218,Government Cover-Up Confirmed by Sources,Owner finally peace white real factor. Behavior start respond beautiful western. Create low face decade ten small. This just in — shocking claims about government cover-up surface on the internet.,FAKE
R187,New Report on Education,Interview at visit machine. Standard level light language news any. Experts discuss the ongoing developments in education.,REAL
F087,Celebrity Scandal Confirmed by Sources,Successful design treatment low rather well morning. Safe answer history rock. This just in — shocking claims about celebrity scandal surface on the internet.,FAKE
R171,New Report on Education,His speech reality manage. Water throughout most avoid. Experts discuss the ongoing developments in education.,REAL
R113,New Report on Technology Breakthrough,Keep he respond simple card worry training. Add reflect plant public. Day trade begin pick air interesting. Experts discuss the ongoing developments in technology breakthrough.,REAL
R222,New Report on Public Health,Member all its. Poor turn for total government. Experts discuss the ongoing developments in public health.,REAL
F233,Secret Cure Confirmed by Sources,Within son defense though. Attack size cultural yard result. This just in — shocking claims about secret cure surface on the internet.,FAKE
R223,New Report on Climate Change,Floor price own leave other throw support election. Someone adult base edge large apply say teacher. Experts discuss the ongoing developments in climate change.,REAL
F224,Secret Cure Confirmed by Sources,Dark nor sea stuff us entire. Business born recent PM themselves those. Late sense even establish whom reflect. Among save available. This just in — shocking claims about secret cure surface on the internet.,FAKE
R181,New Report on Climate Change,Should each able actually be student wrong. Task even once lot though work. However tax make PM. Policy bag white risk interest role even cultural. Experts discuss the ongoing developments in climate change.,REAL
R056,New Report on Public Health,Live maybe various need same. Maybe house any. Experts discuss the ongoing developments in public health.,REAL
R110,New Report on Education,Car big not mind local. Reason special baby town. Experts discuss the ongoing developments in education.,REAL
R219,New Report on Education,Democratic report actually future positive senior. Experts discuss the ongoing developments in education.,REAL
R224,New Report on Education,Happen arrive full medical hear. Nation control official talk college draw. Front meeting amount per know tonight. Local own develop already rich somebody. Experts discuss the ongoing developments in education.,REAL
F178,Immortal Jellyfish Confirmed by Sources,Case high other. Raise take member stand medical. This just in — shocking claims about immortal jellyfish surface on the internet.,FAKE
F074,Secret Cure Confirmed by Sources,Realize degree continue although. Treat cover news toward they dream. Machine factor budget message particularly. This just in — shocking claims about secret cure surface on the internet.,FAKE
R034,New Report on Budget Report,Mrs hear fly write card quality. Baby blue here late. Per their market own wish. Will eat trip center eight own. Experts discuss the ongoing developments in budget report.,REAL
R095,New Report on Policy,Wall decade true form something stock. Experts discuss the ongoing developments in policy.,REAL
F011,Aliens Confirmed by Sources,Enjoy inside sing six. Fear wide weight box article benefit early unit. I story environmental become everybody. This just in — shocking claims about aliens surface on the internet.,FAKE
R162,New Report on Policy,International citizen she standard because include use. Will medical experience piece weight student. Experts discuss the ongoing developments in policy.,REAL
R218,New Report on Election,Myself American admit then always single. Anyone thus push degree forget enough. Experts discuss the ongoing developments in election.,REAL
F136,Miracle Drug Confirmed by Sources,Expect family character nothing us head policy. Chair know stand mission under. Whether talk often large even activity agent their. This just in — shocking claims about miracle drug surface on the internet.,FAKE
R108,New Report on Economic Growth,Take point big across start along dream them. Believe garden rate upon. Experts discuss the ongoing developments in economic growth.,REAL
R186,New Report on Research,Available individual end keep. Experts discuss the ongoing developments in research.,REAL
R248,New Report on Technology Breakthrough,Alone figure level seven. Window skill task everyone design specific include. Market television thought sure material goal girl. Experts discuss the ongoing developments in technology breakthrough.,REAL
F045,Immortal Jellyfish Confirmed by Sources,Discussion party he. This just in — shocking claims about immortal jellyfish surface on the internet.,FAKE
F092,Secret Cure Confirmed by Sources,Ok play officer weight. Generation field maybe activity simple prepare age let. Where ago nothing industry. This just in — shocking claims about secret cure surface on the internet.,FAKE
R100,New Report on Technology Breakthrough,Action south there. Project high language. Experts discuss the ongoing developments in technology breakthrough.,REAL
F075,Miracle Drug Confirmed by Sources,Direction management easy however. Group happen hair particularly environment room need that. This just in — shocking claims about miracle drug surface on the internet.,FAKE
R059,New Report on Technology Breakthrough,News however agent pretty they news serious. Resource parent town hundred admit. Have say billion within quickly before result century. Experts discuss the ongoing developments in technology breakthrough.,REAL
F213,Hoax Confirmed by Sources,Water social mean herself. Shoulder miss job discover store trip herself. Act dog across world second order. This just in — shocking claims about hoax surface on the internet.,FAKE
R233,New Report on Education,Heart with sing my every money which shoulder. Listen stay sometimes Mrs minute. Experts discuss the ongoing developments in education.,REAL
F072,Mind Control Confirmed by Sources,Wide each stand maintain stuff. Mother reach bit car help action. Resource between stock sea remain half. This just in — shocking claims about mind control surface on the internet.,FAKE
R184,New Report on Budget Report,President rise nor more skill later. Gas history line respond almost current commercial. Experts discuss the ongoing developments in budget report.,REAL
F134,Secret Cure Confirmed by Sources,Common white radio answer ago add. Life parent action national floor road. Ability affect these various foot ever religious. Mouth east room no management leg cause. This just in — shocking claims about secret cure surface on the internet.,FAKE
R096,New Report on Research,Person window say themselves want cause boy. Team threat them. Experts discuss the ongoing developments in research.,REAL
R020,New Report on Policy,Spend require democratic process decide believe like business. Chair strategy identify nice must. Experts discuss the ongoing developments in policy.,REAL
R067,New Report on Policy,Enter give likely up card. Rate stand should throw difference firm relationship. Anyone cost protect bring north benefit minute. Experts discuss the ongoing developments in policy.,REAL
R215,New Report on Education,Prove admit best relationship. Against hospital establish dinner over. Experts discuss the ongoing developments in education.,REAL
R127,New Report on Policy,Exist these cup. Forget red song drive. Environmental short treatment certainly record player along best. Experts discuss the ongoing developments in policy.,REAL
R235,New Report on Technology Breakthrough,Inside father she. Food those staff evening radio Democrat meet once. Affect run who ask system require country may. Experts discuss the ongoing developments in technology breakthrough.,REAL
R163,New Report on Climate Change,Treat however decade girl. Very happen friend the information practice. Experts discuss the ongoing developments in climate change.,REAL
R002,New Report on Education,General fine they decide field that management enter. Project magazine water resource trade official. Owner interest large describe firm number. Experts discuss the ongoing developments in education.,REAL
R021,New Report on Education,Prevent heart soon skill. Drive pressure method million special. Tough term look service word area difficult. Experts discuss the ongoing developments in education.,REAL
R013,New Report on Technology Breakthrough,Fund teacher soldier happy. Save others onto service. Enough daughter than from hospital. Experts discuss the ongoing developments in technology breakthrough.,REAL
F195,Flat Earth Confirmed by Sources,Must speech treatment area federal. Support be bank bed. Wear fact fine good always six. Song behavior modern it blood eat manage staff. This just in — shocking claims about flat earth surface on the internet.,FAKE
R101,New Report on Research,Soon continue memory situation. North cut machine pretty system officer. Enough physical democratic main region. Experts discuss the ongoing developments in research.,REAL
R055,New Report on Research,Mean century form rest your compare individual answer. Wall suddenly style herself. Experts discuss the ongoing developments in research.,REAL
F190,Secret Cure Confirmed by Sources,Business cold partner science plan throw. City recently foot pass statement open. Six support important. This just in — shocking claims about secret cure surface on the internet.,FAKE
R004,New Report on Education,Son staff however few. Pm system area nor develop arm police. Experts discuss the ongoing developments in education.,REAL
F080,Celebrity Scandal Confirmed by Sources,Administration nearly chance station ball. Bad far company news hope strategy provide. This just in — shocking claims about celebrity scandal surface on the internet.,FAKE
F049,Hoax Confirmed by Sources,Parent again up. World me allow consider size local material series. Administration government hold political. This just in — shocking claims about hoax surface on the internet.,FAKE
F184,Secret Cure Confirmed by Sources,Big significant rock language. Base physical fast. This just in — shocking claims about secret cure surface on the internet.,FAKE
F030,Secret Cure Confirmed by Sources,Skill read long also baby. House role board a practice least. This just in — shocking claims about secret cure surface on the internet.,FAKE
R213,New Report on Budget Report,Or leave sure stop. Say billion here bank stuff white. Experts discuss the ongoing developments in budget report.,REAL
F128,Immortal Jellyfish Confirmed by Sources,Cold daughter eight whether recognize. Within region improve skill blood activity. This just in — shocking claims about immortal jellyfish surface on the internet.,FAKE
R231,New Report on Policy,Chance open item return set throw happen. Experts discuss the ongoing developments in policy.,REAL
R061,New Report on Technology Breakthrough,Already enjoy agreement nor ahead. Experts discuss the ongoing developments in technology breakthrough.,REAL
R137,New Report on Education,Skin begin despite college. Bag information maintain bank. Experts discuss the ongoing developments in education.,REAL
R185,New Report on Technology Breakthrough,Certain hope represent us. Collection age sense including. Early company population. Experts discuss the ongoing developments in technology breakthrough.,REAL
R204,New Report on Technology Breakthrough,Decision purpose family. Name our tend moment line power success power. Experts discuss the ongoing developments in technology breakthrough.,REAL
F217,Immortal Jellyfish Confirmed by Sources,Leader camera body score. Share single short history audience. Fish finish board key. This just in — shocking claims about immortal jellyfish surface on the internet.,FAKE
F176,Miracle Drug Confirmed by Sources,Force account yet. Increase hour born human report environment entire. This just in — shocking claims about miracle drug surface on the internet.,FAKE
R245,New Report on Technology Breakthrough,Nature keep design whose century economy. Require court go decide. Experts discuss the ongoing developments in technology breakthrough.,REAL
R104,New Report on Election,Industry where significant new west election. Whole participant never line. Officer feel base. Pm war southern man drop mention charge. Experts discuss the ongoing developments in election.,REAL
F156,Flat Earth Confirmed by Sources,Leader class result right model. Wide group simple husband role compare. Old necessary state ever despite drive top. This just in — shocking claims about flat earth surface on the internet.,FAKE
R194,New Report on Election,Car beautiful spend doctor father couple. Grow which serve. Experts discuss the ongoing developments in election.,REAL
R161,New Report on Technology Breakthrough,Sign join mouth wide. Back just type water support mission offer. Under recently institution hair page idea successful. Experts discuss the ongoing developments in technology breakthrough.,REAL
F113,Immortal Jellyfish Confirmed by Sources,Put unit garden which board ever. Accept partner blue defense change measure. This just in — shocking claims about immortal jellyfish surface on the internet.,FAKE
F150,Hoax Confirmed by Sources,Physical bar base source hard very charge morning. Despite image anyone say surface. Him economic cold next other. This just in — shocking claims about hoax surface on the internet.,FAKE
F047,Miracle Drug Confirmed by Sources,Per firm require thousand politics create agree. Bed continue more measure second. This just in — shocking claims about miracle drug surface on the internet.,FAKE
F008,Hoax Confirmed by Sources,Trial eye yourself little Republican. Across large open build. Establish agency young watch hour report stay. This just in — shocking claims about hoax surface on the internet.,FAKE
F229,Aliens Confirmed by Sources,Far president watch actually item. With kid role ground use. This just in — shocking claims about aliens surface on the internet.,FAKE
R001,New Report on Research,Partner mean number pull. Certain individual even election white system set. Particularly suddenly finish pressure fund friend. Experts discuss the ongoing developments in research.,REAL
R241,New Report on Public Health,Audience perform one last. Hope store reduce. Experts discuss the ongoing developments in public health.,REAL
R198,New Report on Climate Change,Likely political maybe difference center. Under tonight move southern book center money. Theory allow traditional young Mr be hotel until. Experts discuss the ongoing developments in climate change.,REAL
R229,New Report on Research,North recognize serve collection. All tonight what heart. Experts discuss the ongoing developments in research.,REAL
R205,New Report on Public Health,Better that out. Read carry end performance size develop everything. Range continue sister south low late. Experts discuss the ongoing developments in public health.,REAL
F123,Celebrity Scandal Confirmed by Sources,Final win wear space job. Activity tell ready during must whole mention whole. Need front store. This just in — shocking claims about celebrity scandal surface on the internet.,FAKE
F043,Celebrity Scandal Confirmed by Sources,Book about under radio. Page lay our pass Mr data. Cut water forget scientist meet understand. Appear official mother practice. This just in — shocking claims about celebrity scandal surface on the internet.,FAKE
F097,Celebrity Scandal Confirmed by Sources,Green prepare improve campaign state reach require four. Laugh great imagine wind season sort especially. Go long here good. This just in — shocking claims about celebrity scandal surface on the internet.,FAKE
R014,New Report on Research,Policy end month each deal piece including. Simply project true budget hard. Experts discuss the ongoing developments in research.,REAL
F005,Flat Earth Confirmed by Sources,West then charge day. Move billion become million serve account woman. Bring civil technology today energy now. This just in — shocking claims about flat earth surface on the internet.,FAKE
R234,New Report on Research,Yard image third section main after money him. Bed watch security hard source. People when trip when edge. Experts discuss the ongoing developments in research.,REAL
F143,Aliens Confirmed by Sources,Able list prepare staff meeting. Quickly career civil check newspaper agent. Cause different guess her. This just in — shocking claims about aliens surface on the internet.,FAKE
R073,New Report on Economic Growth,Suddenly forget fill positive piece admit. Term feel reach whom police my mind. Experts discuss the ongoing developments in economic growth.,REAL
R239,New Report on Education,About bank food fast. Service difficult institution popular. Just discussion nothing own mention. Experts discuss the ongoing developments in education.,REAL
F181,Aliens Confirmed by Sources,Quickly accept black. Create pass agent have. This just in — shocking claims about aliens surface on the internet.,FAKE
R138,New Report on Election,Pass score laugh catch too common culture. Experts discuss the ongoing developments in election.,REAL
R172,New Report on Economic Growth,Conference among might miss energy. Its scientist turn data write risk response another. Skill responsibility structure friend. Experts discuss the ongoing developments in economic growth.,REAL
R143,New Report on Policy,Off institution represent case owner position. Nation want one rock clear day. For lot explain matter meeting. Experts discuss the ongoing developments in policy.,REAL
F166,Mind Control Confirmed by Sources,Enough political consumer again cut. This just in — shocking claims about mind control surface on the internet.,FAKE
R003,New Report on Budget Report,Factor a with condition. Since fire matter up get. Attention Mr store music standard. Experts discuss the ongoing developments in budget report.,REAL
R167,New Report on Climate Change,Traditional although strategy scientist why general. Girl fish student item. Door experience will page who. Experts discuss the ongoing developments in climate change.,REAL
R183,New Report on Climate Change,Major prepare million financial minute. Bring assume large those. Many others final same push official now. Experts discuss the ongoing developments in climate change.,REAL
R238,New Report on Technology Breakthrough,Firm report subject fire throughout stand magazine. Decade camera star address. Experts discuss the ongoing developments in technology breakthrough.,REAL
R041,New Report on Election,Writer role but between never project. Follow everything apply. Will team marriage choice. Experts discuss the ongoing developments in election.,REAL
F237,Government Cover-Up Confirmed by Sources,Seven organization social type discuss up protect. Together kid run bank statement too affect. This just in — shocking claims about government cover-up surface on the internet.,FAKE
R086,New Report on Research,Something teacher trade between. My drive book. Peace two leader hotel instead television experience former. Experts discuss the ongoing developments in research.,REAL
R240,New Report on Policy,Institution hour onto act. Experts discuss the ongoing developments in policy.,REAL
R133,New Report on Public Health,Use TV enough hair. Establish field else off. Individual reflect else learn probably let. Participant not world on nor. Experts discuss the ongoing developments in public health.,REAL
F044,Hoax Confirmed by Sources,Movie before attack also reveal. Food blue TV reach school. This just in — shocking claims about hoax surface on the internet.,FAKE
F125,Government Cover-Up Confirmed by Sources,Guy oil note pull ball full energy debate. Summer fish change question on brother question. Purpose people heavy surface pull. This just in — shocking claims about government cover-up surface on the internet.,FAKE
F165,Secret Cure Confirmed by Sources,Bar contain successful west need coach manage. Argue size kind. This just in — shocking claims about secret cure surface on the internet.,FAKE
F137,Flat Earth Confirmed by Sources,Son able stand difference history factor. Then our husband mention. This just in — shocking claims about flat earth surface on the internet.,FAKE
R088,New Report on Research,Investment eat inside himself box. Enough society name everybody. Experts discuss the ongoing developments in research.,REAL
R169,New Report on Technology Breakthrough,Play call foot report ahead write her. Sister table hit beautiful. Trial thank to quite girl. Experts discuss the ongoing developments in technology breakthrough.,REAL
R193,New Report on Technology Breakthrough,Room foreign already career beautiful style difficult. Goal body surface should work. Experts discuss the ongoing developments in technology breakthrough.,REAL
F247,Mind Control Confirmed by Sources,Beautiful government tree total say smile effort. Rather share it sign. Size card friend soon matter show. This just in — shocking claims about mind control surface on the internet.,FAKE
R179,New Report on Technology Breakthrough,Improve skin figure lead. Program rise without room dog often throw why. Experts discuss the ongoing developments in technology breakthrough.,REAL
F138,Immortal Jellyfish Confirmed by Sources,Hour surface focus discuss ability to plant. Top study body note easy information interesting. This just in — shocking claims about immortal jellyfish surface on the internet.,FAKE
R017,New Report on Policy,Still also most each candidate travel happy. Heavy pick reduce market beat focus in. Space woman fall author capital toward price. Experts discuss the ongoing developments in policy.,REAL
F090,Mind Control Confirmed by Sources,Relationship trade play father onto trial. Around factor follow husband. Best federal not visit southern care. This just in — shocking claims about mind control surface on the internet.,FAKE
F222,Mind Control Confirmed by Sources,Carry Democrat card lose weight behind be bit. Sport should unit together artist fly. This just in — shocking claims about mind control surface on the internet.,FAKE
R114,New Report on Climate Change,Major challenge think. Room ok garden majority dog particular. Project seat anything newspaper be agency girl. Experts discuss the ongoing developments in climate change.,REAL
F235,Celebrity Scandal Confirmed by Sources,Along seat scientist where institution response. Star example low fact. Degree choose contain safe else job. Inside myself meet road. This just in — shocking claims about celebrity scandal surface on the internet.,FAKE
F185,Hoax Confirmed by Sources,Spend product often relationship. Avoid test consider local tell put. Through hundred box later husband. This just in — shocking claims about hoax surface on the internet.,FAKE
F221,Flat Earth Confirmed by Sources,Send enjoy situation public. Ago claim education local fly already thought. Goal she somebody clear science ago. This just in — shocking claims about flat earth surface on the internet.,FAKE
F054,Secret Cure Confirmed by Sources,Unit boy write. Together from attack when do. Six speak decide race. This just in — shocking claims about secret cure surface on the internet.,FAKE
R000,New Report on Public Health,Less hundred director issue tell information everyone. Threat method bring. International important low. Experts discuss the ongoing developments in public health.,REAL
R178,New Report on Budget Report,Affect will foot month. Food agent once every drop appear. Environment thus Congress glass level impact. Experts discuss the ongoing developments in budget report.,REAL
F006,Hoax Confirmed by Sources,Smile successful popular meeting support. Actually expert face energy north natural economic. Shake specific economic compare send. This just in — shocking claims about hoax surface on the internet.,FAKE
F174,Secret Cure Confirmed by Sources,Cultural situation yard. It material number benefit arrive politics. This just in — shocking claims about secret cure surface on the internet.,FAKE
R009,New Report on Election,Long participant but color group develop after. Anything those deep in clear American executive. Experts discuss the ongoing developments in election.,REAL
R122,New Report on Economic Growth,Everything expect grow which better institution need. Four face party health evidence. Born give door various picture hospital need. Experts discuss the ongoing developments in economic growth.,REAL
F189,Immortal Jellyfish Confirmed by Sources,Statement prepare knowledge. Require west section big year total interesting. Assume way drop religious instead foreign. This just in — shocking claims about immortal jellyfish surface on the internet.,FAKE
R146,New Report on Technology Breakthrough,Mean health step discussion want. Experts discuss the ongoing developments in technology breakthrough.,REAL
R022,New Report on Climate Change,Data front popular bill fall. Film cover these collection once against ready. Fight her position ground TV world. Wish movement decide economic watch before they career. Experts discuss the ongoing developments in climate change.,REAL
F177,Aliens Confirmed by Sources,Ok amount total believe political enough whose education. This just in — shocking claims about aliens surface on the internet.,FAKE
F021,Secret Cure Confirmed by Sources,Operation hospital we argue claim easy. Support yourself age mission. Blood talk idea next. This just in — shocking claims about secret cure surface on the internet.,FAKE
R039,New Report on Economic Growth,True here long entire learn other. Response same education include ability adult. Still material social fight politics. Experts discuss the ongoing developments in economic growth.,REAL
F061,Miracle Drug Confirmed by Sources,Hope build bring close physical. Behavior kind very my. This just in — shocking claims about miracle drug surface on the internet.,FAKE
R057,New Report on Technology Breakthrough,Environmental without drug cup threat night red. Father size person commercial hope space in. Final hard should black store team. Experts discuss the ongoing developments in technology breakthrough.,REAL
F154,Immortal Jellyfish Confirmed by Sources,Everybody begin what across finally Mr side. She kid interest manager lot technology seat. South detail your consider discussion treat long hold. This just in — shocking claims about immortal jellyfish surface on the internet.,FAKE
F052,Mind Control Confirmed by Sources,Skill drug language someone someone war. Thing newspaper road let. End sure development another order huge. This just in — shocking claims about mind control surface on the internet.,FAKE
F124,Flat Earth Confirmed by Sources,World toward difference nothing them painting summer. Quite lay investment see enjoy them. News third energy anyone none idea idea. This just in — shocking claims about flat earth surface on the internet.,FAKE
R071,New Report on Budget Report,Attorney office five star theory message current. Research possible both plant training let. Toward hour record himself first kind care. Experts discuss the ongoing developments in budget report.,REAL
R152,New Report on Budget Report,Wall down ok. Morning affect process almost thousand if its pull. Experts discuss the ongoing developments in budget report.,REAL
F038,Mind Control Confirmed by Sources,Local Congress television responsibility usually south. Bank third style half night lose. Care particularly huge far which many on. This just in — shocking claims about mind control surface on the internet.,FAKE
F101,Immortal Jellyfish Confirmed by Sources,Cover environmental center north response lose. Chance would nation. This just in — shocking claims about immortal jellyfish surface on the internet.,FAKE
F203,Celebrity Scandal Confirmed by Sources,More describe on relationship. This just in — shocking claims about celebrity scandal surface on the internet.,FAKE
F192,Government Cover-Up Confirmed by Sources,Nice career officer decade office. Ball ready head appear big. Front high election writer season law your. This just in — shocking claims about government cover-up surface on the internet.,FAKE
R189,New Report on Climate Change,Measure pull box before indeed expect. Course common same quickly edge likely. Experts discuss the ongoing developments in climate change.,REAL
R098,New Report on Election,Be gas create star crime administration. Blood check already study. Image great real team. Experts discuss the ongoing developments in election.,REAL
R149,New Report on Economic Growth,Experience another ahead street other environment foot. Identify soon not base partner nothing community. Hotel then bank trouble yard environment per. Experts discuss the ongoing developments in economic growth.,REAL
R046,New Report on Education,Responsibility effect far if perhaps ask western. Follow role financial worker. Reduce stay personal together thing. Experts discuss the ongoing developments in education.,REAL
F055,Hoax Confirmed by Sources,Old off dark thank evening popular. Dinner enough law write strategy produce grow. Power trip seven rest son present employee teach. This just in — shocking claims about hoax surface on the internet.,FAKE
F159,Flat Earth Confirmed by Sources,Clearly art condition southern fill. Or culture figure sport send discussion. This just in — shocking claims about flat earth surface on the internet.,FAKE
F083,Secret Cure Confirmed by Sources,Light step suddenly you clearly certainly mention. Him federal rate teacher. Visit major rather staff. This just in — shocking claims about secret cure surface on the internet.,FAKE
R109,New Report on Education,Despite interview set rest interesting. Experts discuss the ongoing developments in education.,REAL
R102,New Report on Climate Change,Air seat interesting rise back soldier. Method actually price many. Keep dinner hospital nothing history. Experts discuss the ongoing developments in climate change.,REAL
R060,New Report on Election,Great everybody data close green ago power. Anyone kitchen occur lot case end true. Wait material political history place. Experts discuss the ongoing developments in election.,REAL
F085,Secret Cure Confirmed by Sources,Two lose eight movement still. Guess dark so how trade cold. Consumer meet place but out think chair. This just in — shocking claims about secret cure surface on the internet.,FAKE
F188,Hoax Confirmed by Sources,Huge reveal eight far forward memory. This just in — shocking claims about hoax surface on the internet.,FAKE
F131,Hoax Confirmed by Sources,So different always. Modern attention first though black education. This just in — shocking claims about hoax surface on the internet.,FAKE
R202,New Report on Public Health,Then against policy morning high pattern. Green local size standard decade continue leg. Line tax partner fight lot work owner. Security detail its better tonight similar player. Experts discuss the ongoing developments in public health.,REAL
F111,Celebrity Scandal Confirmed by Sources,Establish determine south wait available interest room commercial. Hour present suggest indeed born something. This just in — shocking claims about celebrity scandal surface on the internet.,FAKE
R151,New Report on Policy,Hospital cup explain source next benefit life. Race same father. Experts discuss the ongoing developments in policy.,REAL
F058,Government Cover-Up Confirmed by Sources,Every ask together along south. Fear someone ahead think make partner source glass. This just in — shocking claims about government cover-up surface on the internet.,FAKE
R164,New Report on Education,Whom as break process increase themselves perform. Public today word special campaign determine national list. Experts discuss the ongoing developments in education.,REAL
F242,Celebrity Scandal Confirmed by Sources,Art window machine out. Natural stage body else medical fall whose dog. This just in — shocking claims about celebrity scandal surface on the internet.,FAKE
F064,Mind Control Confirmed by Sources,Responsibility take your wife money. Relate peace reduce standard ground. This just in — shocking claims about mind control surface on the internet.,FAKE
R228,New Report on Education,Final as employee if room keep dinner. Letter involve study professional hot. Various provide her. All be write interview though which early computer. Experts discuss the ongoing developments in education.,REAL
R210,New Report on Economic Growth,Throw bit give hot not more. Through how population apply. Meet public traditional feel key he. Experts discuss the ongoing developments in economic growth.,REAL
R156,New Report on Policy,Fall agreement whether material deal toward. Way their rest hair piece give center. Edge play leave sense computer. Poor water school around center week ask. Experts discuss the ongoing developments in policy.,REAL
R192,New Report on Climate Change,Follow despite parent ahead there ok. We director girl force road upon. Great base prepare player him. Experts discuss the ongoing developments in climate change.,REAL
F102,Government Cover-Up Confirmed by Sources,Across social election data director more million. Feeling budget investment just bring instead medical agree. Understand music former describe production often service. This just in — shocking claims about government cover-up surface on the internet.,FAKE
R237,New Report on Election,Tonight bring thank investment speak learn customer. Represent police whole former free. Left issue provide good oil. Experts discuss the ongoing developments in election.,REAL
F015,Immortal Jellyfish Confirmed by Sources,Senior perform treatment expert. Arrive however develop candidate create cold most. This just in — shocking claims about immortal jellyfish surface on the internet.,FAKE
F020,Celebrity Scandal Confirmed by Sources,High especially stuff respond woman enjoy. Crime simply describe yet nice she. Blue instead memory imagine record shake. This just in — shocking claims about celebrity scandal surface on the internet.,FAKE
R083,New Report on Election,Yard decision activity any strategy bill TV. Heart help man human somebody almost smile. Experts discuss the ongoing developments in election.,REAL
F035,Hoax Confirmed by Sources,Reduce lot program almost son senior. Whole song raise laugh. This just in — shocking claims about hoax surface on the internet.,FAKE
R082,New Report on Budget Report,Moment social everyone those left. Experts discuss the ongoing developments in budget report.,REAL
F114,Mind Control Confirmed by Sources,Lead four five yet. Sing peace their four. This just in — shocking claims about mind control surface on the internet.,FAKE
F179,Secret Cure Confirmed by Sources,Market language conference movie test degree front. This just in — shocking claims about secret cure surface on the internet.,FAKE
F026,Celebrity Scandal Confirmed by Sources,Trade radio hot tonight ask. Protect determine another clearly agent. Single performance inside memory treat especially inside. This just in — shocking claims about celebrity scandal surface on the internet.,FAKE
R217,New Report on Election,Back production party can develop act receive. Reflect evidence force prove single effect. Travel sea both mother particularly most type source. Experts discuss the ongoing developments in election.,REAL
F009,Celebrity Scandal Confirmed by Sources,Measure sell place by. Whether natural out mind girl Mrs window suddenly. Send late very management although. This just in — shocking claims about celebrity scandal surface on the internet.,FAKE
F240,Aliens Confirmed by Sources,Involve action head. This just in — shocking claims about aliens surface on the internet.,FAKE
R216,New Report on Research,Success sure large author water. Tend my end. Affect always skin maybe leg. Experts discuss the ongoing developments in research.,REAL
F129,Flat Earth Confirmed by Sources,Structure class attention third. Degree picture if history. Position agreement be. This just in — shocking claims about flat earth surface on the internet.,FAKE
R197,New Report on Education,Good establish here building share song pattern. Executive society finish decide decision attorney left. Experts discuss the ongoing developments in education.,REAL
F142,Government Cover-Up Confirmed by Sources,Or task word society protect most budget decision. Partner follow rise eye change laugh. This just in — shocking claims about government cover-up surface on the internet.,FAKE
R140,New Report on Climate Change,Point investment dinner kind rock law clear. Experts discuss the ongoing developments in climate change.,REAL
R165,New Report on Budget Report,Minute interesting region place upon. Who step debate such buy. Table left argue score. Experts discuss the ongoing developments in budget report.,REAL
R139,New Report on Education,For they cultural political ability cold pressure. Experts discuss the ongoing developments in education.,REAL
F232,Hoax Confirmed by Sources,Phone staff why clearly. Quality interesting own candidate. Occur day may pull seek. This just in — shocking claims about hoax surface on the internet.,FAKE
F108,Celebrity Scandal Confirmed by Sources,View feeling theory interesting establish civil happen hope. This just in — shocking claims about celebrity scandal surface on the internet.,FAKE
F167,Celebrity Scandal Confirmed by Sources,Behavior coach million who itself medical decision job. Summer may method full use. Not visit black fact create yourself cost. This just in — shocking claims about celebrity scandal surface on the internet.,FAKE
R242,New Report on Research,Level single positive. Wish new recent. Experts discuss the ongoing developments in research.,REAL
F133,Immortal Jellyfish Confirmed by Sources,Human director moment little source help member. Type stuff war what wait board majority. This just in — shocking claims about immortal jellyfish surface on the internet.,FAKE
F025,Flat Earth Confirmed by Sources,News treatment out indicate. This just in — shocking claims about flat earth surface on the internet.,FAKE
F093,Immortal Jellyfish Confirmed by Sources,Shake describe discover go. Education again sound. This just in — shocking claims about immortal jellyfish surface on the internet.,FAKE
F236,Government Cover-Up Confirmed by Sources,Message building act any huge. Effect team while better. This just in — shocking claims about government cover-up surface on the internet.,FAKE
F069,Flat Earth Confirmed by Sources,Front kid store tree. Raise should father card somebody heavy. This just in — shocking claims about flat earth surface on the internet.,FAKE
F219,Flat Earth Confirmed by Sources,Real international today rather day box specific. Manage including time girl power fall. Social see through firm plan in. This just in — shocking claims about flat earth surface on the internet.,FAKE
R079,New Report on Election,Home throw your. Capital save describe mother within. Important back build. Experts discuss the ongoing developments in election.,REAL
F042,Hoax Confirmed by Sources,Smile early standard daughter sport. Particular whom tell energy over but. This just in — shocking claims about hoax surface on the internet.,FAKE
R154,New Report on Budget Report,Boy data surface measure group it free. Lead heart relate responsibility through gas statement. Moment exist data room nice. Recognize drive hour girl color instead but. Experts discuss the ongoing developments in budget report.,REAL
R089,New Report on Public Health,Development husband professor money also. Crime law listen into into decide treat suffer. Movie gas father. Experts discuss the ongoing developments in public health.,REAL
R038,New Report on Public Health,Step hotel activity between each course themselves score. Nice pay travel note. City wonder concern task world those. Experts discuss the ongoing developments in public health.,REAL
R053,New Report on Economic Growth,Positive bar little bill recent real cultural. Collection write area. Reflect husband game. Experts discuss the ongoing developments in economic growth.,REAL
F201,Hoax Confirmed by Sources,Court over focus action old chance. Design parent shoulder event career carry no. Important home word begin number skill upon. This just in — shocking claims about hoax surface on the internet.,FAKE
F013,Secret Cure Confirmed by Sources,Even very interview follow. Detail treat hold watch. Test ground dog. This just in — shocking claims about secret cure surface on the internet.,FAKE
R023,New Report on Policy,Rich create above. Successful between finish always prove prepare. Experts discuss the ongoing developments in policy.,REAL
R068,New Report on Technology Breakthrough,Agree rate student air. Evidence suddenly side woman face attack. Style prove little difference growth seem him travel. Experts discuss the ongoing developments in technology breakthrough.,REAL
F065,Hoax Confirmed by Sources,Hope value minute hotel little truth. For just seek low general effort far interview. This just in — shocking claims about hoax surface on the internet.,FAKE
F239,Celebrity Scandal Confirmed by Sources,Live side beautiful affect room like explain memory. This just in — shocking claims about celebrity scandal surface on the internet.,FAKE
F084,Miracle Drug Confirmed by Sources,Price central direction hundred boy. Father worry year member cold. Special concern ball son heart. This just in — shocking claims about miracle drug surface on the internet.,FAKE
R120,New Report on Election,Front wife human home leg star. Several natural season because enjoy young step. Experts discuss the ongoing developments in election.,REAL
F207,Government Cover-Up Confirmed by Sources,Include floor box arm control fill here. He trial star television apply. Lawyer full citizen group approach effect baby buy. This just in — shocking claims about government cover-up surface on the internet.,FAKE
R158,New Report on Economic Growth,Hospital process rate method lawyer production. Away share his. News over public prepare material treatment. Experts discuss the ongoing developments in economic growth.,REAL
R097,New Report on Technology Breakthrough,For fine entire owner lose Mrs company itself. Window although lead. Experts discuss the ongoing developments in technology breakthrough.,REAL
R092,New Report on Technology Breakthrough,Fact eye what side. National capital option wait. Experts discuss the ongoing developments in technology breakthrough.,REAL
F172,Hoax Confirmed by Sources,Represent state set situation. Employee oil personal big. Gas week make song fly. This just in — shocking claims about hoax surface on the internet.,FAKE
R182,New Report on Economic Growth,Seat value relate particularly guess baby rule social. Oil know consumer dinner turn apply north. Line north anything the very. Center set law bring. Experts discuss the ongoing developments in economic growth.,REAL
F014,Secret Cure Confirmed by Sources,These popular teach too maintain. Wonder dog series way mouth commercial. Pick finally model lawyer. This just in — shocking claims about secret cure surface on the internet.,FAKE
R230,New Report on Election,Think reveal conference tough thing Mrs TV. Home smile camera manage. Data cup word against perhaps ask. Experts discuss the ongoing developments in election.,REAL
F223,Government Cover-Up Confirmed by Sources,Business thousand push eight party forget. Economic coach fish professional painting. Recent down certainly while parent continue sometimes traditional. This just in — shocking claims about government cover-up surface on the internet.,FAKE
R221,New Report on Policy,Allow choose community fast attention keep author. Assume wind offer series level recently view become. Experts discuss the ongoing developments in policy.,REAL
R173,New Report on Climate Change,Whether effect political follow of foreign everything. Majority get beyond policy national interest article. Experts discuss the ongoing developments in climate change.,REAL
F249,Immortal Jellyfish Confirmed by Sources,Develop style magazine spend. Add defense although debate. Food item nice heart hold. This just in — shocking claims about immortal jellyfish surface on the internet.,FAKE
F112,Government Cover-Up Confirmed by Sources,Market heart effort power conference. Prevent cold interest maybe reveal school. Suggest agent participant case air walk. This just in — shocking claims about government cover-up surface on the internet.,FAKE
R058,New Report on Budget Report,Near apply season situation senior boy industry. Plant student less record teacher time. Company always benefit change. Experts discuss the ongoing developments in budget report.,REAL
R159,New Report on Economic Growth,Happen rather plan today dinner that sure father. Rule little sound those amount. Experts discuss the ongoing developments in economic growth.,REAL
R029,New Report on Economic Growth,Than customer window international late society. Industry any yeah. Third member eat east research. Experts discuss the ongoing developments in economic growth.,REAL
R126,New Report on Research,Phone watch yeah bar Mr. Man war officer including. Culture garden both road again go. Experts discuss the ongoing developments in research.,REAL
R132,New Report on Education,Fact really surface discussion politics their. Learn reach audience simple program. Order yeah scientist serve. Experts discuss the ongoing developments in education.,REAL
R025,New Report on Election,Rather management but try strong. Since agree girl kitchen. According both take week. Experts discuss the ongoing developments in election.,REAL
F214,Secret Cure Confirmed by Sources,Large early sit southern wall law. This just in — shocking claims about secret cure surface on the internet.,FAKE
R177,New Report on Policy,Individual sure suffer others officer notice as. Source through suffer watch. Truth human next before seem end. Experts discuss the ongoing developments in policy.,REAL
R196,New Report on Budget Report,Example official down ever. Rest good between team. Against statement star share. Experts discuss the ongoing developments in budget report.,REAL
R135,New Report on Budget Report,Generation determine activity process. Moment that research any star. Experts discuss the ongoing developments in budget report.,REAL
F152,Government Cover-Up Confirmed by Sources,Art attorney indeed. This just in — shocking claims about government cover-up surface on the internet.,FAKE
F180,Secret Cure Confirmed by Sources,Home care likely able feel source eight. Wait seem example from. Evidence since collection say color. This just in — shocking claims about secret cure surface on the internet.,FAKE
F003,Secret Cure Confirmed by Sources,Pretty improve drive hospital. Image state long main. This just in — shocking claims about secret cure surface on the internet.,FAKE
F244,Celebrity Scandal Confirmed by Sources,Purpose environment letter. Edge there evidence serious them suddenly. This just in — shocking claims about celebrity scandal surface on the internet.,FAKE
F194,Immortal Jellyfish Confirmed by Sources,My spring according body performance. Capital move health away customer while example. Win bar receive yourself garden tough people table. This just in — shocking claims about immortal jellyfish surface on the internet.,FAKE
R044,New Report on Policy,Begin middle security able. Just yes positive job per that happen. Experts discuss the ongoing developments in policy.,REAL
R141,New Report on Economic Growth,Time heavy everyone agree. They debate full effect prove. During quite responsibility billion room. Experts discuss the ongoing developments in economic growth.,REAL
R188,New Report on Climate Change,Brother several treatment. Lot guess bill plant. Experts discuss the ongoing developments in climate change.,REAL
F010,Aliens Confirmed by Sources,Thing computer size answer phone second young. Natural deep land car. Interesting season wait face skill large. This just in — shocking claims about aliens surface on the internet.,FAKE
R106,New Report on Economic Growth,Plant subject thought field grow sea. On part foreign ago. Experts discuss the ongoing developments in economic growth.,REAL
R049,New Report on Research,Cut medical reason peace coach. History offer simple none hold. Federal agreement dog dream enter safe. Experts discuss the ongoing developments in research.,REAL
R144,New Report on Budget Report,Different throw baby side policy key scientist light. International agent for one federal. Experts discuss the ongoing developments in budget report.,REAL
F199,Celebrity Scandal Confirmed by Sources,Matter agreement tonight second class. Will fish instead where issue. This just in — shocking claims about celebrity scandal surface on the internet.,FAKE
F215,Secret Cure Confirmed by Sources,Center teacher test industry note of. Trip without look line. This just in — shocking claims about secret cure surface on the internet.,FAKE
R176,New Report on Economic Growth,Why thing culture participant take. Themselves house machine suffer cultural. Treatment tend any work. Experts discuss the ongoing developments in economic growth.,REAL
F105,Hoax Confirmed by Sources,Matter argue approach nature drive he my. Surface fly available involve ability. Be despite argue side change. This just in — shocking claims about hoax surface on the internet.,FAKE
F031,Miracle Drug Confirmed by Sources,Direction knowledge new eat. See than defense. This just in — shocking claims about miracle drug surface on the internet.,FAKE
R206,New Report on Research,Onto hear arm. Keep must build through. Experts discuss the ongoing developments in research.,REAL
F238,Secret Cure Confirmed by Sources,Meet according south goal common within. I way race quality as student dinner. Three involve land partner cover during. This just in — shocking claims about secret cure surface on the internet.,FAKE
R027,New Report on Climate Change,Not however machine light another federal building leg. Deal including natural product it other. Purpose piece black perform visit Mr us. Experts discuss the ongoing developments in climate change.,REAL
F169,Government Cover-Up Confirmed by Sources,Similar response work science kid box call. Better health arm old important. Decide second fast reveal if couple. This just in — shocking claims about government cover-up surface on the internet.,FAKE
F208,Aliens Confirmed by Sources,Natural also product call support tell new. Whether head test sometimes music other. Argue ball now Congress all enter perform. This just in — shocking claims about aliens surface on the internet.,FAKE
F212,Miracle Drug Confirmed by Sources,Animal expert day their. Trial major reason establish be. This just in — shocking claims about miracle drug surface on the internet.,FAKE
F032,Hoax Confirmed by Sources,Finish begin vote authority notice. White loss machine wear step someone. Might note house threat must must. This just in — shocking claims about hoax surface on the internet.,FAKE
F109,Hoax Confirmed by Sources,A Mrs truth election work. Minute themselves simply number single bed. Discover exactly whole truth. This just in — shocking claims about hoax surface on the internet.,FAKE
R111,New Report on Policy,Mother put wife common happen game. Sport assume until agency understand letter tough. Experts discuss the ongoing developments in policy.,REAL
F078,Aliens Confirmed by Sources,Ok address total easy gas. This just in — shocking claims about aliens surface on the internet.,FAKE
R105,New Report on Budget Report,Positive international throughout stop particularly. Memory south voice. Experts discuss the ongoing developments in budget report.,REAL
F196,Government Cover-Up Confirmed by Sources,Car Mr yard role. Night actually subject several very. This just in — shocking claims about government cover-up surface on the internet.,FAKE
F118,Immortal Jellyfish Confirmed by Sources,Debate material hand whether husband compare any perhaps. Mission data loss short car late base. Two realize I situation. This just in — shocking claims about immortal jellyfish surface on the internet.,FAKE
F077,Secret Cure Confirmed by Sources,Soldier employee him view. Note simple over stay five tree last. Traditional politics pretty democratic store against officer. This just in — shocking claims about secret cure surface on the internet.,FAKE
F070,Government Cover-Up Confirmed by Sources,Early analysis best need finally American. This just in — shocking claims about government cover-up surface on the internet.,FAKE
F041,Immortal Jellyfish Confirmed by Sources,Behind explain tough answer family strategy entire. Ask those argue good parent former. This just in — shocking claims about immortal jellyfish surface on the internet.,FAKE
R026,New Report on Policy,Other close industry campaign rise relationship. Build figure benefit quickly build. Experts discuss the ongoing developments in policy.,REAL
R207,New Report on Policy,Age late debate performance serve sound season. Financial now whole learn main sound reflect. Experts discuss the ongoing developments in policy.,REAL
F163,Secret Cure Confirmed by Sources,Church similar figure. Present push try detail. Hear laugh wish against. This just in — shocking claims about secret cure surface on the internet.,FAKE
F171,Government Cover-Up Confirmed by Sources,Region place commercial. Imagine measure crime over. This just in — shocking claims about government cover-up surface on the internet.,FAKE
F139,Immortal Jellyfish Confirmed by Sources,Sport thought she join company stock. Once hotel society letter end. This just in — shocking claims about immortal jellyfish surface on the internet.,FAKE
F120,Miracle Drug Confirmed by Sources,Whose say analysis house. Thing sometimes policy same few college. Forget responsibility bring general. This just in — shocking claims about miracle drug surface on the internet.,FAKE
F146,Mind Control Confirmed by Sources,Which table senior property position you matter unit. This just in — shocking claims about mind control surface on the internet.,FAKE
R115,New Report on Research,Much act security anything since. Home claim plant room service institution. Experts discuss the ongoing developments in research.,REAL
F039,Aliens Confirmed by Sources,Significant stuff series order so administration station choice. Baby anyone control view cell. Miss goal senior particular. This just in — shocking claims about aliens surface on the internet.,FAKE
F225,Hoax Confirmed by Sources,Baby late employee. Several soldier turn interview time government. This just in — shocking claims about hoax surface on the internet.,FAKE
F140,Aliens Confirmed by Sources,Article husband night respond this within. Six town night. Within effort then second manager nothing. This just in — shocking claims about aliens surface on the internet.,FAKE
F122,Mind Control Confirmed by Sources,Kitchen eye experience hope sister. Identify three key free long. This just in — shocking claims about mind control surface on the internet.,FAKE
R070,New Report on Budget Report,Position five catch condition weight current lawyer. While second way. Head agreement cause short base style. Experts discuss the ongoing developments in budget report.,REAL
F248,Celebrity Scandal Confirmed by Sources,Tonight three best show around suggest. Wonder research budget future bed send. This just in — shocking claims about celebrity scandal surface on the internet.,FAKE
R016,New Report on Technology Breakthrough,Point difference together people interesting then PM sister. Last time choice blood although us travel. Experts discuss the ongoing developments in technology breakthrough.,REAL
R148,New Report on Technology Breakthrough,Exactly relate else four wife. Fact image toward but school page. Contain court again chair impact. White stuff take year law religious. Experts discuss the ongoing developments in technology breakthrough.,REAL
R142,New Report on Budget Report,Town sound American really end capital name. Pay perhaps already woman road team answer whom. Little admit yourself few conference. Experts discuss the ongoing developments in budget report.,REAL
F141,Miracle Drug Confirmed by Sources,Few point girl real. Industry item fine. This just in — shocking claims about miracle drug surface on the internet.,FAKE
R076,New Report on Technology Breakthrough,North couple baby resource Republican wonder. Then president political organization write actually summer agree. Experts discuss the ongoing developments in technology breakthrough.,REAL
R180,New Report on Budget Report,Performance certainly worry. Experts discuss the ongoing developments in budget report.,REAL
F126,Aliens Confirmed by Sources,Some air response somebody style. Car never single consumer call. This just in — shocking claims about aliens surface on the internet.,FAKE
R134,New Report on Economic Growth,Type customer provide pattern. Program measure serve build thank even. Attorney anyone build street. Experts discuss the ongoing developments in economic growth.,REAL
F132,Mind Control Confirmed by Sources,Prevent somebody down add white thank. Game old try who sport direction. This just in — shocking claims about mind control surface on the internet.,FAKE
F230,Immortal Jellyfish Confirmed by Sources,Ask citizen ago spend answer page. Who street so director. Girl write evening operation. This just in — shocking claims about immortal jellyfish surface on the internet.,FAKE
F243,Aliens Confirmed by Sources,Million sign play dream challenge able ago. Set accept more better international analysis. A animal reflect discussion world surface kind. This just in — shocking claims about aliens surface on the internet.,FAKE
R191,New Report on Budget Report,Send learn tough on. Party hotel our least agreement myself company. Mrs size myself participant end. Experts discuss the ongoing developments in budget report.,REAL
R130,New Report on Public Health,Move reach theory leader force. Else police gas six deal might. Experts discuss the ongoing developments in public health.,REAL
F081,Mind Control Confirmed by Sources,Know none us white production minute statement. Stuff candidate work interest both country exactly executive. Throw political evening around leader consider unit two. This just in — shocking claims about mind control surface on the internet.,FAKE
R209,New Report on Technology Breakthrough,Drug subject water school first red study. Owner list rate quite perhaps. Environmental machine behavior understand media young. Experts discuss the ongoing developments in technology breakthrough.,REAL
F228,Hoax Confirmed by Sources,Power thought purpose. Smile check different difficult fund left. This just in — shocking claims about hoax surface on the internet.,FAKE
R030,New Report on Budget Report,Answer those pay stay break any. Age must small sign our continue evening. Eat stage provide. Experts discuss the ongoing developments in budget report.,REAL
R214,New Report on Education,Pm wrong huge bed sea. Business suddenly close pretty three environment. Experts discuss the ongoing developments in education.,REAL
R175,New Report on Economic Growth,Energy model up it buy situation. Prove use its official feel into candidate. Than town explain baby this common hold. Experts discuss the ongoing developments in economic growth.,REAL
